name	gold	kb	nafis	qcorpus	qindex	qwc
default	8.77568063188	9.63943439793	14.9641577061	14.5642671233	15.7690218618	15.6776649414
rhyzome	30.5749642089	41.583456062	30.3658536585	42.2582532087	46.6422610231	46.4482193308
custom-root	36.1594781509	39.852511785	30.3105590062	41.1455347192	44.6378733794	45.3756005644
